[{"model": "admin.logentry", "pk": 1, "fields": {"action_time": "2023-05-30T23:04:02.586Z", "user": 1, "content_type": 7, "object_id": "1", "object_repr": "Cartoon", "action_flag": 1, "change_message": "[{\"added\": {}}]"}}, {"model": "admin.logentry", "pk": 2, "fields": {"action_time": "2023-05-30T23:04:09.759Z", "user": 1, "content_type": 7, "object_id": "2", "object_repr": "Drama", "action_flag": 1, "change_message": "[{\"added\": {}}]"}}, {"model": "admin.logentry", "pk": 3, "fields": {"action_time": "2023-05-30T23:04:27.241Z", "user": 1, "content_type": 7, "object_id": "3", "object_repr": "Horror", "action_flag": 1, "change_message": "[{\"added\": {}}]"}}, {"model": "admin.logentry", "pk": 4, "fields": {"action_time": "2023-05-30T23:04:38.344Z", "user": 1, "content_type": 7, "object_id": "4", "object_repr": "Fantazy", "action_flag": 1, "change_message": "[{\"added\": {}}]"}}, {"model": "admin.logentry", "pk": 5, "fields": {"action_time": "2023-05-30T23:04:49.652Z", "user": 1, "content_type": 7, "object_id": "5", "object_repr": "Science fiction", "action_flag": 1, "change_message": "[{\"added\": {}}]"}}, {"model": "admin.logentry", "pk": 6, "fields": {"action_time": "2023-05-30T23:07:58.686Z", "user": 1, "content_type": 8, "object_id": "1", "object_repr": "Big Hall", "action_flag": 1, "change_message": "[{\"added\": {}}]"}}, {"model": "admin.logentry", "pk": 7, "fields": {"action_time": "2023-05-30T23:08:13.244Z", "user": 1, "content_type": 8, "object_id": "2", "object_repr": "Small Hall", "action_flag": 1, "change_message": "[{\"added\": {}}]"}}, {"model": "admin.logentry", "pk": 8, "fields": {"action_time": "2023-05-30T23:09:22.594Z", "user": 1, "content_type": 7, "object_id": "6", "object_repr": "Action", "action_flag": 1, "change_message": "[{\"added\": {}}]"}}, {"model": "admin.logentry", "pk": 9, "fields": {"action_time": "2023-05-30T23:10:49.690Z", "user": 1, "content_type": 9, "object_id": "1", "object_repr": "Drive", "action_flag": 1, "change_message": "[{\"added\": {}}]"}}, {"model": "admin.logentry", "pk": 10, "fields": {"action_time": "2023-05-30T23:12:18.611Z", "user": 1, "content_type": 9, "object_id": "2", "object_repr": "Barbie", "action_flag": 1, "change_message": "[{\"added\": {}}]"}}, {"model": "admin.logentry", "pk": 11, "fields": {"action_time": "2023-05-30T23:12:31.816Z", "user": 1, "content_type": 11, "object_id": "1", "object_repr": "econom", "action_flag": 1, "change_message": "[{\"added\": {}}]"}}, {"model": "admin.logentry", "pk": 12, "fields": {"action_time": "2023-05-30T23:12:38.565Z", "user": 1, "content_type": 11, "object_id": "2", "object_repr": "standart", "action_flag": 1, "change_message": "[{\"added\": {}}]"}}, {"model": "admin.logentry", "pk": 13, "fields": {"action_time": "2023-05-30T23:19:20.792Z", "user": 1, "content_type": 12, "object_id": "1", "object_repr": "Drive:17:00:00", "action_flag": 1, "change_message": "[{\"added\": {}}]"}}, {"model": "admin.logentry", "pk": 14, "fields": {"action_time": "2023-05-30T23:19:43.047Z", "user": 1, "content_type": 12, "object_id": "2", "object_repr": "Barbie:21:00:00", "action_flag": 1, "change_message": "[{\"added\": {}}]"}}, {"model": "admin.logentry", "pk": 15, "fields": {"action_time": "2023-05-30T23:20:03.367Z", "user": 1, "content_type": 12, "object_id": "3", "object_repr": "Barbie:17:00:00", "action_flag": 1, "change_message": "[{\"added\": {}}]"}}, {"model": "admin.logentry", "pk": 16, "fields": {"action_time": "2023-05-30T23:20:49.852Z", "user": 1, "content_type": 12, "object_id": "4", "object_repr": "Barbie:16:00:00", "action_flag": 1, "change_message": "[{\"added\": {}}]"}}, {"model": "admin.logentry", "pk": 17, "fields": {"action_time": "2023-06-01T11:53:12.447Z", "user": 1, "content_type": 12, "object_id": "5", "object_repr": "Barbie:15:00:00", "action_flag": 1, "change_message": "[{\"added\": {}}]"}}, {"model": "admin.logentry", "pk": 18, "fields": {"action_time": "2023-06-01T12:04:18.874Z", "user": 1, "content_type": 7, "object_id": "7", "object_repr": "Anime", "action_flag": 1, "change_message": "[{\"added\": {}}]"}}, {"model": "admin.logentry", "pk": 19, "fields": {"action_time": "2023-06-01T12:11:34.534Z", "user": 1, "content_type": 9, "object_id": "3", "object_repr": "You'r name", "action_flag": 1, "change_message": "[{\"added\": {}}]"}}, {"model": "admin.logentry", "pk": 20, "fields": {"action_time": "2023-06-01T12:12:53.672Z", "user": 1, "content_type": 9, "object_id": "3", "object_repr": "Your name", "action_flag": 2, "change_message": "[{\"changed\": {\"fields\": [\"Name\"]}}]"}}, {"model": "auth.permission", "pk": 1, "fields": {"name": "Can add log entry", "content_type": 1, "codename": "add_logentry"}}, {"model": "auth.permission", "pk": 2, "fields": {"name": "Can change log entry", "content_type": 1, "codename": "change_logentry"}}, {"model": "auth.permission", "pk": 3, "fields": {"name": "Can delete log entry", "content_type": 1, "codename": "delete_logentry"}}, {"model": "auth.permission", "pk": 4, "fields": {"name": "Can view log entry", "content_type": 1, "codename": "view_logentry"}}, {"model": "auth.permission", "pk": 5, "fields": {"name": "Can add permission", "content_type": 2, "codename": "add_permission"}}, {"model": "auth.permission", "pk": 6, "fields": {"name": "Can change permission", "content_type": 2, "codename": "change_permission"}}, {"model": "auth.permission", "pk": 7, "fields": {"name": "Can delete permission", "content_type": 2, "codename": "delete_permission"}}, {"model": "auth.permission", "pk": 8, "fields": {"name": "Can view permission", "content_type": 2, "codename": "view_permission"}}, {"model": "auth.permission", "pk": 9, "fields": {"name": "Can add group", "content_type": 3, "codename": "add_group"}}, {"model": "auth.permission", "pk": 10, "fields": {"name": "Can change group", "content_type": 3, "codename": "change_group"}}, {"model": "auth.permission", "pk": 11, "fields": {"name": "Can delete group", "content_type": 3, "codename": "delete_group"}}, {"model": "auth.permission", "pk": 12, "fields": {"name": "Can view group", "content_type": 3, "codename": "view_group"}}, {"model": "auth.permission", "pk": 13, "fields": {"name": "Can add user", "content_type": 4, "codename": "add_user"}}, {"model": "auth.permission", "pk": 14, "fields": {"name": "Can change user", "content_type": 4, "codename": "change_user"}}, {"model": "auth.permission", "pk": 15, "fields": {"name": "Can delete user", "content_type": 4, "codename": "delete_user"}}, {"model": "auth.permission", "pk": 16, "fields": {"name": "Can view user", "content_type": 4, "codename": "view_user"}}, {"model": "auth.permission", "pk": 17, "fields": {"name": "Can add content type", "content_type": 5, "codename": "add_contenttype"}}, {"model": "auth.permission", "pk": 18, "fields": {"name": "Can change content type", "content_type": 5, "codename": "change_contenttype"}}, {"model": "auth.permission", "pk": 19, "fields": {"name": "Can delete content type", "content_type": 5, "codename": "delete_contenttype"}}, {"model": "auth.permission", "pk": 20, "fields": {"name": "Can view content type", "content_type": 5, "codename": "view_contenttype"}}, {"model": "auth.permission", "pk": 21, "fields": {"name": "Can add session", "content_type": 6, "codename": "add_session"}}, {"model": "auth.permission", "pk": 22, "fields": {"name": "Can change session", "content_type": 6, "codename": "change_session"}}, {"model": "auth.permission", "pk": 23, "fields": {"name": "Can delete session", "content_type": 6, "codename": "delete_session"}}, {"model": "auth.permission", "pk": 24, "fields": {"name": "Can view session", "content_type": 6, "codename": "view_session"}}, {"model": "auth.permission", "pk": 25, "fields": {"name": "Can add genre", "content_type": 7, "codename": "add_genre"}}, {"model": "auth.permission", "pk": 26, "fields": {"name": "Can change genre", "content_type": 7, "codename": "change_genre"}}, {"model": "auth.permission", "pk": 27, "fields": {"name": "Can delete genre", "content_type": 7, "codename": "delete_genre"}}, {"model": "auth.permission", "pk": 28, "fields": {"name": "Can view genre", "content_type": 7, "codename": "view_genre"}}, {"model": "auth.permission", "pk": 29, "fields": {"name": "Can add hall", "content_type": 8, "codename": "add_hall"}}, {"model": "auth.permission", "pk": 30, "fields": {"name": "Can change hall", "content_type": 8, "codename": "change_hall"}}, {"model": "auth.permission", "pk": 31, "fields": {"name": "Can delete hall", "content_type": 8, "codename": "delete_hall"}}, {"model": "auth.permission", "pk": 32, "fields": {"name": "Can view hall", "content_type": 8, "codename": "view_hall"}}, {"model": "auth.permission", "pk": 33, "fields": {"name": "Can add movie", "content_type": 9, "codename": "add_movie"}}, {"model": "auth.permission", "pk": 34, "fields": {"name": "Can change movie", "content_type": 9, "codename": "change_movie"}}, {"model": "auth.permission", "pk": 35, "fields": {"name": "Can delete movie", "content_type": 9, "codename": "delete_movie"}}, {"model": "auth.permission", "pk": 36, "fields": {"name": "Can view movie", "content_type": 9, "codename": "view_movie"}}, {"model": "auth.permission", "pk": 37, "fields": {"name": "Can add seat", "content_type": 10, "codename": "add_seat"}}, {"model": "auth.permission", "pk": 38, "fields": {"name": "Can change seat", "content_type": 10, "codename": "change_seat"}}, {"model": "auth.permission", "pk": 39, "fields": {"name": "Can delete seat", "content_type": 10, "codename": "delete_seat"}}, {"model": "auth.permission", "pk": 40, "fields": {"name": "Can view seat", "content_type": 10, "codename": "view_seat"}}, {"model": "auth.permission", "pk": 41, "fields": {"name": "Can add seat type", "content_type": 11, "codename": "add_seattype"}}, {"model": "auth.permission", "pk": 42, "fields": {"name": "Can change seat type", "content_type": 11, "codename": "change_seattype"}}, {"model": "auth.permission", "pk": 43, "fields": {"name": "Can delete seat type", "content_type": 11, "codename": "delete_seattype"}}, {"model": "auth.permission", "pk": 44, "fields": {"name": "Can view seat type", "content_type": 11, "codename": "view_seattype"}}, {"model": "auth.permission", "pk": 45, "fields": {"name": "Can add session", "content_type": 12, "codename": "add_session"}}, {"model": "auth.permission", "pk": 46, "fields": {"name": "Can change session", "content_type": 12, "codename": "change_session"}}, {"model": "auth.permission", "pk": 47, "fields": {"name": "Can delete session", "content_type": 12, "codename": "delete_session"}}, {"model": "auth.permission", "pk": 48, "fields": {"name": "Can view session", "content_type": 12, "codename": "view_session"}}, {"model": "auth.permission", "pk": 49, "fields": {"name": "Can add session seat", "content_type": 13, "codename": "add_sessionseat"}}, {"model": "auth.permission", "pk": 50, "fields": {"name": "Can change session seat", "content_type": 13, "codename": "change_sessionseat"}}, {"model": "auth.permission", "pk": 51, "fields": {"name": "Can delete session seat", "content_type": 13, "codename": "delete_sessionseat"}}, {"model": "auth.permission", "pk": 52, "fields": {"name": "Can view session seat", "content_type": 13, "codename": "view_sessionseat"}}, {"model": "auth.user", "pk": 1, "fields": {"password": "pbkdf2_sha256$600000$RBs9TD6BDxnxkRVndVmPKf$BwXtusbqmC1TWcQYINdzU28z3HdzB8OsXhjlxTIlmxA=", "last_login": "2023-06-01T11:37:12.113Z", "is_superuser": true, "username": "owo", "first_name": "", "last_name": "", "email": "owo@owo.com", "is_staff": true, "is_active": true, "date_joined": "2023-05-30T23:03:17.899Z", "groups": [], "user_permissions": []}}, {"model": "auth.user", "pk": 2, "fields": {"password": "pbkdf2_sha256$600000$6WT9W2s0Q3928EHuM54tzG$ZgbviJ9IVmCowSVHS6lm+Oc4vbfRIRniaSCLYFWEeO8=", "last_login": "2023-05-31T22:01:18.852Z", "is_superuser": false, "username": "kuku", "first_name": "", "last_name": "", "email": "salatik.dan@gmail.com", "is_staff": false, "is_active": true, "date_joined": "2023-05-31T22:00:07.714Z", "groups": [], "user_permissions": []}}, {"model": "contenttypes.contenttype", "pk": 1, "fields": {"app_label": "admin", "model": "logentry"}}, {"model": "contenttypes.contenttype", "pk": 2, "fields": {"app_label": "auth", "model": "permission"}}, {"model": "contenttypes.contenttype", "pk": 3, "fields": {"app_label": "auth", "model": "group"}}, {"model": "contenttypes.contenttype", "pk": 4, "fields": {"app_label": "auth", "model": "user"}}, {"model": "contenttypes.contenttype", "pk": 5, "fields": {"app_label": "contenttypes", "model": "contenttype"}}, {"model": "contenttypes.contenttype", "pk": 6, "fields": {"app_label": "sessions", "model": "session"}}, {"model": "contenttypes.contenttype", "pk": 7, "fields": {"app_label": "cinema", "model": "genre"}}, {"model": "contenttypes.contenttype", "pk": 8, "fields": {"app_label": "cinema", "model": "hall"}}, {"model": "contenttypes.contenttype", "pk": 9, "fields": {"app_label": "cinema", "model": "movie"}}, {"model": "contenttypes.contenttype", "pk": 10, "fields": {"app_label": "cinema", "model": "seat"}}, {"model": "contenttypes.contenttype", "pk": 11, "fields": {"app_label": "cinema", "model": "seattype"}}, {"model": "contenttypes.contenttype", "pk": 12, "fields": {"app_label": "cinema", "model": "session"}}, {"model": "contenttypes.contenttype", "pk": 13, "fields": {"app_label": "cinema", "model": "sessionseat"}}, {"model": "sessions.session", "pk": "272lxj3xx7oqfm0c04jz84xp0v8q8ghj", "fields": {"session_data": "e30:1q4gQX:69LjYkN72aGeJSXiGtff6qRZV-5gHbPuVIEHkeGnvp0", "expire_date": "2023-06-15T11:25:09.329Z"}}, {"model": "sessions.session", "pk": "2z8vdf1wkrxy43ntn4wx2vqzna7zflpc", "fields": {"session_data": "e30:1q4gMT:euEb7qY0JsGXrO72eg5R8xGk77jatpcyluQi8A6nsa0", "expire_date": "2023-06-15T11:20:57.132Z"}}, {"model": "sessions.session", "pk": "3mc1e0rlwqrejd5gb86i9o1qdpyj6mg5", "fields": {"session_data": "e30:1q4Tsc:4KD1HZli572Wj-F3Ab_9p2txpPCCE5d-dk8FKo1sJxw", "expire_date": "2023-06-14T22:01:18.844Z"}}, {"model": "sessions.session", "pk": "5dag2asytg8r74uzrt3qst91ipvsdsht", "fields": {"session_data": "e30:1q4gSB:etbpmh5RJV4-leb5G_VLhjzgH_QkyrIOyk5dyfY-5BY", "expire_date": "2023-06-15T11:26:51.022Z"}}, {"model": "sessions.session", "pk": "9ry0v03pdylw8x6uesnv8wvp8a969pqa", "fields": {"session_data": "e30:1q4Tpw:uBgdXUVaIeCobQqLJI7mftfS2g4ewAH8PiHitsJpGbU", "expire_date": "2023-06-14T21:58:32.136Z"}}, {"model": "sessions.session", "pk": "eu380h0p3w1idxrcbwhkgu5mm6llw1z2", "fields": {"session_data": "e30:1q4gVD:Y2EekYLhUcTCY73m3HJ_FDa3sYrBFiEAffRjF3z-kk8", "expire_date": "2023-06-15T11:29:59.831Z"}}, {"model": "sessions.session", "pk": "fqoobah2t7sqwn0ysfd3hxguaa9fcbpg", "fields": {"session_data": "e30:1q4gSm:P7ukAZl8S3ic97jlBYzXg0zYz-9rzWeTtlaq7E3U--s", "expire_date": "2023-06-15T11:27:28.051Z"}}, {"model": "sessions.session", "pk": "jfln7974opbs784n85xy6bfy0x2v351u", "fields": {"session_data": "e30:1q4gN9:Z2e8VeFAORwjUwUn3S6kWpzHittqzW0ukvs4RDQGfxE", "expire_date": "2023-06-15T11:21:39.631Z"}}, {"model": "sessions.session", "pk": "lim2iz4hz5sj3eg6g3il38dedrjhmwd9", "fields": {"session_data": "e30:1q4gQl:f1QA2Wl2bwMOnaX02YfhdbIY0hV0cOoAO1gF1mtnn0k", "expire_date": "2023-06-15T11:25:23.719Z"}}, {"model": "sessions.session", "pk": "lqvn85j424vgdtno12qja6gghgawrble", "fields": {"session_data": "e30:1q4gRv:B2dZVl_K2jhmoNjvmU-_r3IxNy1UCcRpjbNs0FO4xZQ", "expire_date": "2023-06-15T11:26:35.649Z"}}, {"model": "sessions.session", "pk": "ngpigkssjvl0j7f8zhyjgiptwoyh9jql", "fields": {"session_data": ".eJxVjEEOwiAQRe_C2hBgaKEu3XsGMgwzUjVtUtqV8e7apAvd_vfef6mE21rT1nhJY1FnZdXpd8tID552UO443WZN87QuY9a7og_a9HUu_Lwc7t9BxVa_NVmCiIVgEFf6wAX6EGXIjhxni9lTh8EGKyLRBTBGIgAziCcwnY_q_QEBrDg1:1q4gcC:GrIO5QmHgePatNcrSTZ03m-4X6kX-q0BF1-YGzHBevs", "expire_date": "2023-06-15T11:37:12.135Z"}}, {"model": "sessions.session", "pk": "o7usvlevr2766z2qk20gdsp2jrp2bf50", "fields": {"session_data": "e30:1q4gMx:vo1yV3IcmD8u60_fi9_MlwSfuXzso45XSri-Y9Uu780", "expire_date": "2023-06-15T11:21:27.023Z"}}, {"model": "sessions.session", "pk": "op3oi9wvj1pnzjy2h833w4vg8z4rlqy0", "fields": {"session_data": "e30:1q4Tqv:4MTFv2QJ4ANrmRBBkqmGG92neMBfm9dQyQhShOTm-S0", "expire_date": "2023-06-14T21:59:33.795Z"}}, {"model": "sessions.session", "pk": "reyu41qsdfc079ip1unld8s5ueig8lnp", "fields": {"session_data": "e30:1q4gQG:BqfguPJZD6hbfdjlLGRXE5NyF2SUS2r3JmZhT1-ym1o", "expire_date": "2023-06-15T11:24:52.101Z"}}, {"model": "sessions.session", "pk": "txqbgry50ecvv9bejs8n4knr27fk5xmd", "fields": {"session_data": "e30:1q4gNu:RULuqhgcj3erkL-fhS51VgR1hTyb1taNvGJjnzuRtus", "expire_date": "2023-06-15T11:22:26.139Z"}}, {"model": "sessions.session", "pk": "uvs1o2c4zaho1pwfdg6e6dmp728apq67", "fields": {"session_data": "e30:1q4gMh:hwjNjqZhOISlqpQkP3XjQrHgXLsBZQdwXPWavqYnm6k", "expire_date": "2023-06-15T11:21:11.184Z"}}, {"model": "sessions.session", "pk": "xrz7yuncxasvc3ugjwaw2epf33bmzwgm", "fields": {"session_data": "e30:1q4gL7:cApc3Iz_gBYypvPsm8U1MkJBVGiw233VRIiF5RfCOMU", "expire_date": "2023-06-15T11:19:33.615Z"}}, {"model": "sessions.session", "pk": "zvcu7kvk7lohf9c2vm0cz2lzjgivb55p", "fields": {"session_data": "e30:1q4gOY:QFS0lRBS3w0Qzx2Nk0e7gK-de7NoD5AGO9hjo7MV-OM", "expire_date": "2023-06-15T11:23:06.206Z"}}, {"model": "cinema.genre", "pk": 1, "fields": {"name": "Cartoon"}}, {"model": "cinema.genre", "pk": 2, "fields": {"name": "Drama"}}, {"model": "cinema.genre", "pk": 3, "fields": {"name": "Horror"}}, {"model": "cinema.genre", "pk": 4, "fields": {"name": "Fantazy"}}, {"model": "cinema.genre", "pk": 5, "fields": {"name": "Science fiction"}}, {"model": "cinema.genre", "pk": 6, "fields": {"name": "Action"}}, {"model": "cinema.genre", "pk": 7, "fields": {"name": "Anime"}}, {"model": "cinema.movie", "pk": 1, "fields": {"name": "Drive", "country": "USA", "duration": "01:40:00", "budget": 100000.0, "poster": "kinogallery.com-drive-315018_or2HFAb.jpg", "description": "This action drama follows a mysterious man who has multiple jobs as a garage mechanic, a Hollywood stuntman and a getaway driver seems to be trying to escape his shady past as he falls for his neighbor - whose husband is in prison and who's looking after her child alone. Meanwhile, his garage mechanic boss is trying to set up a race team using gangland money, which implicates our driver as he is to be used as the race team's main driver. Our hero gets more than he bargained for when he meets the man who is married to the woman he loves.", "rating": 8.7, "trailerUrl": "https://www.youtube.com/watch?v=KBiOF3y1W0Y", "genre": [2, 6]}}, {"model": "cinema.movie", "pk": 2, "fields": {"name": "Barbie", "country": "USA", "duration": "01:30:00", "budget": 1000000.0, "poster": "149893_ge7ITkc.jpg", "description": "To live in Barbie Land is to be a perfect being in a perfect place. Unless you have a full-on existential crisis. Or you're a Ken.", "rating": 8.4, "trailerUrl": "https://www.youtube.com/watch?v=GRyt3Ov4zz0", "genre": [2]}}, {"model": "cinema.movie", "pk": 3, "fields": {"name": "Your name", "country": "Japane", "duration": "01:50:00", "budget": 1000000.0, "poster": "t4pwj9c2.png", "description": "Mitsuha is the daughter of the mayor of a small mountain town. She's a straightforward high school girl who lives with her sister and her grandmother and has no qualms about letting it be known that she's uninterested in Shinto rituals or helping her father's electoral campaign. Instead she dreams of leaving the boring town and trying her luck in Tokyo. Taki is a high school boy in Tokyo who works part-time in an Italian restaurant and aspires to become an architect or an artist. Every night he has a strange dream where he becomes...a high school girl in a small mountain town.", "rating": 8.9, "trailerUrl": "https://www.youtube.com/watch?v=qjZoWyGylMU&ab_cha", "genre": [1, 2, 4, 7]}}, {"model": "cinema.hall", "pk": 1, "fields": {"name": "Big Hall", "capacity": 120, "type": "IMAX"}}, {"model": "cinema.hall", "pk": 2, "fields": {"name": "Small Hall", "capacity": 50, "type": "default"}}, {"model": "cinema.seattype", "pk": 1, "fields": {"type": "econom", "rate": 0.8}}, {"model": "cinema.seattype", "pk": 2, "fields": {"type": "standart", "rate": 1.0}}, {"model": "cinema.seat", "pk": 1, "fields": {"hall": 1, "row": 1, "number": 1, "type": 2}}, {"model": "cinema.seat", "pk": 2, "fields": {"hall": 1, "row": 1, "number": 2, "type": 2}}, {"model": "cinema.seat", "pk": 3, "fields": {"hall": 1, "row": 1, "number": 3, "type": 2}}, {"model": "cinema.seat", "pk": 4, "fields": {"hall": 1, "row": 1, "number": 4, "type": 2}}, {"model": "cinema.seat", "pk": 5, "fields": {"hall": 1, "row": 1, "number": 5, "type": 2}}, {"model": "cinema.seat", "pk": 6, "fields": {"hall": 1, "row": 1, "number": 6, "type": 2}}, {"model": "cinema.seat", "pk": 7, "fields": {"hall": 1, "row": 1, "number": 7, "type": 2}}, {"model": "cinema.seat", "pk": 8, "fields": {"hall": 1, "row": 1, "number": 8, "type": 2}}, {"model": "cinema.seat", "pk": 9, "fields": {"hall": 1, "row": 1, "number": 9, "type": 2}}, {"model": "cinema.seat", "pk": 10, "fields": {"hall": 1, "row": 1, "number": 10, "type": 2}}, {"model": "cinema.seat", "pk": 11, "fields": {"hall": 1, "row": 1, "number": 11, "type": 2}}, {"model": "cinema.seat", "pk": 12, "fields": {"hall": 1, "row": 1, "number": 12, "type": 2}}, {"model": "cinema.seat", "pk": 13, "fields": {"hall": 1, "row": 1, "number": 13, "type": 2}}, {"model": "cinema.seat", "pk": 14, "fields": {"hall": 1, "row": 1, "number": 14, "type": 2}}, {"model": "cinema.seat", "pk": 15, "fields": {"hall": 1, "row": 1, "number": 15, "type": 2}}, {"model": "cinema.seat", "pk": 16, "fields": {"hall": 1, "row": 1, "number": 16, "type": 2}}, {"model": "cinema.seat", "pk": 17, "fields": {"hall": 1, "row": 1, "number": 17, "type": 2}}, {"model": "cinema.seat", "pk": 18, "fields": {"hall": 1, "row": 1, "number": 18, "type": 2}}, {"model": "cinema.seat", "pk": 19, "fields": {"hall": 1, "row": 1, "number": 19, "type": 2}}, {"model": "cinema.seat", "pk": 20, "fields": {"hall": 1, "row": 1, "number": 20, "type": 2}}, {"model": "cinema.seat", "pk": 21, "fields": {"hall": 1, "row": 2, "number": 1, "type": 2}}, {"model": "cinema.seat", "pk": 22, "fields": {"hall": 1, "row": 2, "number": 2, "type": 2}}, {"model": "cinema.seat", "pk": 23, "fields": {"hall": 1, "row": 2, "number": 3, "type": 2}}, {"model": "cinema.seat", "pk": 24, "fields": {"hall": 1, "row": 2, "number": 4, "type": 2}}, {"model": "cinema.seat", "pk": 25, "fields": {"hall": 1, "row": 2, "number": 5, "type": 2}}, {"model": "cinema.seat", "pk": 26, "fields": {"hall": 1, "row": 2, "number": 6, "type": 2}}, {"model": "cinema.seat", "pk": 27, "fields": {"hall": 1, "row": 2, "number": 7, "type": 2}}, {"model": "cinema.seat", "pk": 28, "fields": {"hall": 1, "row": 2, "number": 8, "type": 2}}, {"model": "cinema.seat", "pk": 29, "fields": {"hall": 1, "row": 2, "number": 9, "type": 2}}, {"model": "cinema.seat", "pk": 30, "fields": {"hall": 1, "row": 2, "number": 10, "type": 2}}, {"model": "cinema.seat", "pk": 31, "fields": {"hall": 1, "row": 2, "number": 11, "type": 2}}, {"model": "cinema.seat", "pk": 32, "fields": {"hall": 1, "row": 2, "number": 12, "type": 2}}, {"model": "cinema.seat", "pk": 33, "fields": {"hall": 1, "row": 2, "number": 13, "type": 2}}, {"model": "cinema.seat", "pk": 34, "fields": {"hall": 1, "row": 2, "number": 14, "type": 2}}, {"model": "cinema.seat", "pk": 35, "fields": {"hall": 1, "row": 2, "number": 15, "type": 2}}, {"model": "cinema.seat", "pk": 36, "fields": {"hall": 1, "row": 2, "number": 16, "type": 2}}, {"model": "cinema.seat", "pk": 37, "fields": {"hall": 1, "row": 2, "number": 17, "type": 2}}, {"model": "cinema.seat", "pk": 38, "fields": {"hall": 1, "row": 2, "number": 18, "type": 2}}, {"model": "cinema.seat", "pk": 39, "fields": {"hall": 1, "row": 2, "number": 19, "type": 2}}, {"model": "cinema.seat", "pk": 40, "fields": {"hall": 1, "row": 2, "number": 20, "type": 2}}, {"model": "cinema.seat", "pk": 41, "fields": {"hall": 1, "row": 3, "number": 1, "type": 2}}, {"model": "cinema.seat", "pk": 42, "fields": {"hall": 1, "row": 3, "number": 2, "type": 2}}, {"model": "cinema.seat", "pk": 43, "fields": {"hall": 1, "row": 3, "number": 3, "type": 2}}, {"model": "cinema.seat", "pk": 44, "fields": {"hall": 1, "row": 3, "number": 4, "type": 2}}, {"model": "cinema.seat", "pk": 45, "fields": {"hall": 1, "row": 3, "number": 5, "type": 2}}, {"model": "cinema.seat", "pk": 46, "fields": {"hall": 1, "row": 3, "number": 6, "type": 2}}, {"model": "cinema.seat", "pk": 47, "fields": {"hall": 1, "row": 3, "number": 7, "type": 2}}, {"model": "cinema.seat", "pk": 48, "fields": {"hall": 1, "row": 3, "number": 8, "type": 2}}, {"model": "cinema.seat", "pk": 49, "fields": {"hall": 1, "row": 3, "number": 9, "type": 2}}, {"model": "cinema.seat", "pk": 50, "fields": {"hall": 1, "row": 3, "number": 10, "type": 2}}, {"model": "cinema.seat", "pk": 51, "fields": {"hall": 1, "row": 3, "number": 11, "type": 2}}, {"model": "cinema.seat", "pk": 52, "fields": {"hall": 1, "row": 3, "number": 12, "type": 2}}, {"model": "cinema.seat", "pk": 53, "fields": {"hall": 1, "row": 3, "number": 13, "type": 2}}, {"model": "cinema.seat", "pk": 54, "fields": {"hall": 1, "row": 3, "number": 14, "type": 2}}, {"model": "cinema.seat", "pk": 55, "fields": {"hall": 1, "row": 3, "number": 15, "type": 2}}, {"model": "cinema.seat", "pk": 56, "fields": {"hall": 1, "row": 3, "number": 16, "type": 2}}, {"model": "cinema.seat", "pk": 57, "fields": {"hall": 1, "row": 3, "number": 17, "type": 2}}, {"model": "cinema.seat", "pk": 58, "fields": {"hall": 1, "row": 3, "number": 18, "type": 2}}, {"model": "cinema.seat", "pk": 59, "fields": {"hall": 1, "row": 3, "number": 19, "type": 2}}, {"model": "cinema.seat", "pk": 60, "fields": {"hall": 1, "row": 3, "number": 20, "type": 2}}, {"model": "cinema.seat", "pk": 61, "fields": {"hall": 1, "row": 4, "number": 1, "type": 2}}, {"model": "cinema.seat", "pk": 62, "fields": {"hall": 1, "row": 4, "number": 2, "type": 2}}, {"model": "cinema.seat", "pk": 63, "fields": {"hall": 1, "row": 4, "number": 3, "type": 2}}, {"model": "cinema.seat", "pk": 64, "fields": {"hall": 1, "row": 4, "number": 4, "type": 2}}, {"model": "cinema.seat", "pk": 65, "fields": {"hall": 1, "row": 4, "number": 5, "type": 2}}, {"model": "cinema.seat", "pk": 66, "fields": {"hall": 1, "row": 4, "number": 6, "type": 2}}, {"model": "cinema.seat", "pk": 67, "fields": {"hall": 1, "row": 4, "number": 7, "type": 2}}, {"model": "cinema.seat", "pk": 68, "fields": {"hall": 1, "row": 4, "number": 8, "type": 2}}, {"model": "cinema.seat", "pk": 69, "fields": {"hall": 1, "row": 4, "number": 9, "type": 2}}, {"model": "cinema.seat", "pk": 70, "fields": {"hall": 1, "row": 4, "number": 10, "type": 2}}, {"model": "cinema.seat", "pk": 71, "fields": {"hall": 1, "row": 4, "number": 11, "type": 2}}, {"model": "cinema.seat", "pk": 72, "fields": {"hall": 1, "row": 4, "number": 12, "type": 2}}, {"model": "cinema.seat", "pk": 73, "fields": {"hall": 1, "row": 4, "number": 13, "type": 2}}, {"model": "cinema.seat", "pk": 74, "fields": {"hall": 1, "row": 4, "number": 14, "type": 2}}, {"model": "cinema.seat", "pk": 75, "fields": {"hall": 1, "row": 4, "number": 15, "type": 2}}, {"model": "cinema.seat", "pk": 76, "fields": {"hall": 1, "row": 4, "number": 16, "type": 2}}, {"model": "cinema.seat", "pk": 77, "fields": {"hall": 1, "row": 4, "number": 17, "type": 2}}, {"model": "cinema.seat", "pk": 78, "fields": {"hall": 1, "row": 4, "number": 18, "type": 2}}, {"model": "cinema.seat", "pk": 79, "fields": {"hall": 1, "row": 4, "number": 19, "type": 2}}, {"model": "cinema.seat", "pk": 80, "fields": {"hall": 1, "row": 4, "number": 20, "type": 2}}, {"model": "cinema.seat", "pk": 81, "fields": {"hall": 1, "row": 5, "number": 1, "type": 2}}, {"model": "cinema.seat", "pk": 82, "fields": {"hall": 1, "row": 5, "number": 2, "type": 2}}, {"model": "cinema.seat", "pk": 83, "fields": {"hall": 1, "row": 5, "number": 3, "type": 2}}, {"model": "cinema.seat", "pk": 84, "fields": {"hall": 1, "row": 5, "number": 4, "type": 2}}, {"model": "cinema.seat", "pk": 85, "fields": {"hall": 1, "row": 5, "number": 5, "type": 2}}, {"model": "cinema.seat", "pk": 86, "fields": {"hall": 1, "row": 5, "number": 6, "type": 2}}, {"model": "cinema.seat", "pk": 87, "fields": {"hall": 1, "row": 5, "number": 7, "type": 2}}, {"model": "cinema.seat", "pk": 88, "fields": {"hall": 1, "row": 5, "number": 8, "type": 2}}, {"model": "cinema.seat", "pk": 89, "fields": {"hall": 1, "row": 5, "number": 9, "type": 2}}, {"model": "cinema.seat", "pk": 90, "fields": {"hall": 1, "row": 5, "number": 10, "type": 2}}, {"model": "cinema.seat", "pk": 91, "fields": {"hall": 1, "row": 5, "number": 11, "type": 2}}, {"model": "cinema.seat", "pk": 92, "fields": {"hall": 1, "row": 5, "number": 12, "type": 2}}, {"model": "cinema.seat", "pk": 93, "fields": {"hall": 1, "row": 5, "number": 13, "type": 2}}, {"model": "cinema.seat", "pk": 94, "fields": {"hall": 1, "row": 5, "number": 14, "type": 2}}, {"model": "cinema.seat", "pk": 95, "fields": {"hall": 1, "row": 5, "number": 15, "type": 2}}, {"model": "cinema.seat", "pk": 96, "fields": {"hall": 1, "row": 5, "number": 16, "type": 2}}, {"model": "cinema.seat", "pk": 97, "fields": {"hall": 1, "row": 5, "number": 17, "type": 2}}, {"model": "cinema.seat", "pk": 98, "fields": {"hall": 1, "row": 5, "number": 18, "type": 2}}, {"model": "cinema.seat", "pk": 99, "fields": {"hall": 1, "row": 5, "number": 19, "type": 2}}, {"model": "cinema.seat", "pk": 100, "fields": {"hall": 1, "row": 5, "number": 20, "type": 2}}, {"model": "cinema.seat", "pk": 101, "fields": {"hall": 1, "row": 6, "number": 1, "type": 2}}, {"model": "cinema.seat", "pk": 102, "fields": {"hall": 1, "row": 6, "number": 2, "type": 2}}, {"model": "cinema.seat", "pk": 103, "fields": {"hall": 1, "row": 6, "number": 3, "type": 2}}, {"model": "cinema.seat", "pk": 104, "fields": {"hall": 1, "row": 6, "number": 4, "type": 2}}, {"model": "cinema.seat", "pk": 105, "fields": {"hall": 1, "row": 6, "number": 5, "type": 2}}, {"model": "cinema.seat", "pk": 106, "fields": {"hall": 1, "row": 6, "number": 6, "type": 2}}, {"model": "cinema.seat", "pk": 107, "fields": {"hall": 1, "row": 6, "number": 7, "type": 2}}, {"model": "cinema.seat", "pk": 108, "fields": {"hall": 1, "row": 6, "number": 8, "type": 2}}, {"model": "cinema.seat", "pk": 109, "fields": {"hall": 1, "row": 6, "number": 9, "type": 2}}, {"model": "cinema.seat", "pk": 110, "fields": {"hall": 1, "row": 6, "number": 10, "type": 2}}, {"model": "cinema.seat", "pk": 111, "fields": {"hall": 1, "row": 6, "number": 11, "type": 2}}, {"model": "cinema.seat", "pk": 112, "fields": {"hall": 1, "row": 6, "number": 12, "type": 2}}, {"model": "cinema.seat", "pk": 113, "fields": {"hall": 1, "row": 6, "number": 13, "type": 2}}, {"model": "cinema.seat", "pk": 114, "fields": {"hall": 1, "row": 6, "number": 14, "type": 2}}, {"model": "cinema.seat", "pk": 115, "fields": {"hall": 1, "row": 6, "number": 15, "type": 2}}, {"model": "cinema.seat", "pk": 116, "fields": {"hall": 1, "row": 6, "number": 16, "type": 2}}, {"model": "cinema.seat", "pk": 117, "fields": {"hall": 1, "row": 6, "number": 17, "type": 2}}, {"model": "cinema.seat", "pk": 118, "fields": {"hall": 1, "row": 6, "number": 18, "type": 2}}, {"model": "cinema.seat", "pk": 119, "fields": {"hall": 1, "row": 6, "number": 19, "type": 2}}, {"model": "cinema.seat", "pk": 120, "fields": {"hall": 1, "row": 6, "number": 20, "type": 2}}, {"model": "cinema.seat", "pk": 121, "fields": {"hall": 2, "row": 1, "number": 1, "type": 1}}, {"model": "cinema.seat", "pk": 122, "fields": {"hall": 2, "row": 1, "number": 2, "type": 1}}, {"model": "cinema.seat", "pk": 123, "fields": {"hall": 2, "row": 1, "number": 3, "type": 1}}, {"model": "cinema.seat", "pk": 124, "fields": {"hall": 2, "row": 1, "number": 4, "type": 1}}, {"model": "cinema.seat", "pk": 125, "fields": {"hall": 2, "row": 1, "number": 5, "type": 1}}, {"model": "cinema.seat", "pk": 126, "fields": {"hall": 2, "row": 1, "number": 6, "type": 1}}, {"model": "cinema.seat", "pk": 127, "fields": {"hall": 2, "row": 1, "number": 7, "type": 1}}, {"model": "cinema.seat", "pk": 128, "fields": {"hall": 2, "row": 1, "number": 8, "type": 1}}, {"model": "cinema.seat", "pk": 129, "fields": {"hall": 2, "row": 1, "number": 9, "type": 1}}, {"model": "cinema.seat", "pk": 130, "fields": {"hall": 2, "row": 1, "number": 10, "type": 1}}, {"model": "cinema.seat", "pk": 131, "fields": {"hall": 2, "row": 2, "number": 1, "type": 1}}, {"model": "cinema.seat", "pk": 132, "fields": {"hall": 2, "row": 2, "number": 2, "type": 1}}, {"model": "cinema.seat", "pk": 133, "fields": {"hall": 2, "row": 2, "number": 3, "type": 1}}, {"model": "cinema.seat", "pk": 134, "fields": {"hall": 2, "row": 2, "number": 4, "type": 1}}, {"model": "cinema.seat", "pk": 135, "fields": {"hall": 2, "row": 2, "number": 5, "type": 1}}, {"model": "cinema.seat", "pk": 136, "fields": {"hall": 2, "row": 2, "number": 6, "type": 1}}, {"model": "cinema.seat", "pk": 137, "fields": {"hall": 2, "row": 2, "number": 7, "type": 1}}, {"model": "cinema.seat", "pk": 138, "fields": {"hall": 2, "row": 2, "number": 8, "type": 1}}, {"model": "cinema.seat", "pk": 139, "fields": {"hall": 2, "row": 2, "number": 9, "type": 1}}, {"model": "cinema.seat", "pk": 140, "fields": {"hall": 2, "row": 2, "number": 10, "type": 1}}, {"model": "cinema.seat", "pk": 141, "fields": {"hall": 2, "row": 3, "number": 1, "type": 1}}, {"model": "cinema.seat", "pk": 142, "fields": {"hall": 2, "row": 3, "number": 2, "type": 1}}, {"model": "cinema.seat", "pk": 143, "fields": {"hall": 2, "row": 3, "number": 3, "type": 1}}, {"model": "cinema.seat", "pk": 144, "fields": {"hall": 2, "row": 3, "number": 4, "type": 1}}, {"model": "cinema.seat", "pk": 145, "fields": {"hall": 2, "row": 3, "number": 5, "type": 1}}, {"model": "cinema.seat", "pk": 146, "fields": {"hall": 2, "row": 3, "number": 6, "type": 1}}, {"model": "cinema.seat", "pk": 147, "fields": {"hall": 2, "row": 3, "number": 7, "type": 1}}, {"model": "cinema.seat", "pk": 148, "fields": {"hall": 2, "row": 3, "number": 8, "type": 1}}, {"model": "cinema.seat", "pk": 149, "fields": {"hall": 2, "row": 3, "number": 9, "type": 1}}, {"model": "cinema.seat", "pk": 150, "fields": {"hall": 2, "row": 3, "number": 10, "type": 1}}, {"model": "cinema.seat", "pk": 151, "fields": {"hall": 2, "row": 4, "number": 1, "type": 1}}, {"model": "cinema.seat", "pk": 152, "fields": {"hall": 2, "row": 4, "number": 2, "type": 1}}, {"model": "cinema.seat", "pk": 153, "fields": {"hall": 2, "row": 4, "number": 3, "type": 1}}, {"model": "cinema.seat", "pk": 154, "fields": {"hall": 2, "row": 4, "number": 4, "type": 1}}, {"model": "cinema.seat", "pk": 155, "fields": {"hall": 2, "row": 4, "number": 5, "type": 1}}, {"model": "cinema.seat", "pk": 156, "fields": {"hall": 2, "row": 4, "number": 6, "type": 1}}, {"model": "cinema.seat", "pk": 157, "fields": {"hall": 2, "row": 4, "number": 7, "type": 1}}, {"model": "cinema.seat", "pk": 158, "fields": {"hall": 2, "row": 4, "number": 8, "type": 1}}, {"model": "cinema.seat", "pk": 159, "fields": {"hall": 2, "row": 4, "number": 9, "type": 1}}, {"model": "cinema.seat", "pk": 160, "fields": {"hall": 2, "row": 4, "number": 10, "type": 1}}, {"model": "cinema.seat", "pk": 161, "fields": {"hall": 2, "row": 5, "number": 1, "type": 1}}, {"model": "cinema.seat", "pk": 162, "fields": {"hall": 2, "row": 5, "number": 2, "type": 1}}, {"model": "cinema.seat", "pk": 163, "fields": {"hall": 2, "row": 5, "number": 3, "type": 1}}, {"model": "cinema.seat", "pk": 164, "fields": {"hall": 2, "row": 5, "number": 4, "type": 1}}, {"model": "cinema.seat", "pk": 165, "fields": {"hall": 2, "row": 5, "number": 5, "type": 1}}, {"model": "cinema.seat", "pk": 166, "fields": {"hall": 2, "row": 5, "number": 6, "type": 1}}, {"model": "cinema.seat", "pk": 167, "fields": {"hall": 2, "row": 5, "number": 7, "type": 1}}, {"model": "cinema.seat", "pk": 168, "fields": {"hall": 2, "row": 5, "number": 8, "type": 1}}, {"model": "cinema.seat", "pk": 169, "fields": {"hall": 2, "row": 5, "number": 9, "type": 1}}, {"model": "cinema.seat", "pk": 170, "fields": {"hall": 2, "row": 5, "number": 10, "type": 1}}, {"model": "cinema.session", "pk": 1, "fields": {"movie": 1, "startTime": "17:00:00", "startDate": "2023-06-05", "hall": 1, "price": 5.0, "type": "2D"}}, {"model": "cinema.session", "pk": 2, "fields": {"movie": 2, "startTime": "21:00:00", "startDate": "2023-06-05", "hall": 1, "price": 10.0, "type": "2D"}}, {"model": "cinema.session", "pk": 3, "fields": {"movie": 2, "startTime": "17:00:00", "startDate": "2023-06-05", "hall": 2, "price": 7.0, "type": "2D"}}, {"model": "cinema.session", "pk": 4, "fields": {"movie": 2, "startTime": "16:00:00", "startDate": "2023-06-05", "hall": 2, "price": 7.0, "type": "2D"}}, {"model": "cinema.session", "pk": 5, "fields": {"movie": 2, "startTime": "15:00:00", "startDate": "2023-06-01", "hall": 1, "price": 9.0, "type": "3D"}}, {"model": "cinema.sessionseat", "pk": 1, "fields": {"is_occupied": true, "seat": 6, "session": 1, "user": 2}}, {"model": "cinema.sessionseat", "pk": 2, "fields": {"is_occupied": true, "seat": 10, "session": 1, "user": 1}}]